date,price,regime
2023-01-01,31.738499535539315,0
2023-01-02,29.516074945900854,0
2023-01-03,32.266909883352426,0
2023-01-04,35.33060449742809,0
2023-01-05,29.180463188468323,0
2023-01-06,29.180520650677867,0
2023-01-07,35.52724485427587,0
2023-01-08,32.68602155203518,0
2023-01-09,28.356839649227666,0
2023-01-10,31.898960152550877,0
2023-01-11,28.378038075156383,0
2023-01-12,28.3699458625041,0
2023-01-13,30.84686795048112,0
2023-01-14,23.303519143697706,0
2023-01-15,23.962787586204385,0
2023-01-16,28.031993647656595,0
2023-01-17,26.45509107882952,0
2023-01-18,31.09986566408346,0
2023-01-19,26.821915735675763,0
2023-01-20,25.056937045326478,0
2023-01-21,35.12977069122544,0
2023-01-22,29.209782948297125,0
2023-01-23,30.236348716407733,0
2023-01-24,25.013381348252903,0
2023-01-25,28.094660464161862,0
2023-01-26,30.388229063984532,0
2023-01-27,25.97152247902194,0
2023-01-28,31.314943064209853,0
2023-01-29,27.897764585284182,0
2023-01-30,28.97907187572353,0
2023-01-31,27.89402685719711,0
2023-02-01,36.482973645781286,0
2023-02-02,29.95275971341723,0
2023-02-03,26.29801174865435,0
2023-02-04,32.87890719236116,0
2023-02-05,25.727047225101423,0
2023-02-06,30.731022582516644,0
2023-02-07,23.141154566420784,0
2023-02-08,25.351348828855492,0
2023-02-09,30.689014325541933,0
2023-02-10,32.584633029983934,0
2023-02-11,30.599788984164896,0
2023-02-12,29.595231011641157,0
2023-02-13,28.94613706543749,0
2023-02-14,24.825173033714005,0
2023-02-15,27.48054527061852,0
2023-02-16,28.387764301640743,0
2023-02-17,33.69992779176621,0
2023-02-18,31.202664013489613,0
2023-02-19,23.82935945623043,0
2023-02-20,31.134293892881782,0
2023-02-21,28.65221201854289,0
2023-02-22,27.630772998929146,0
2023-02-23,32.14086701094304,0
2023-02-24,33.60849832873583,0
2023-02-25,33.2594804169067,0
2023-02-26,27.062738668720765,0
2023-02-27,28.91775668452075,0
2023-02-28,31.159422009912475,0
2023-03-01,33.41440794492826,0
2023-03-02,28.322890167541484,0
2023-03-03,29.35019358167664,0
2023-03-04,26.127827590978903,0
2023-03-05,25.813276815717654,0
2023-03-06,32.843840378379696,0
2023-03-07,34.74684009999788,0
2023-03-08,29.74796457446883,0
2023-03-09,33.51236514262209,0
2023-03-10,31.26572608766672,0
2023-03-11,27.742080858882066,0
2023-03-12,31.26488461927945,0
2023-03-13,35.383127982630896,0
2023-03-14,29.87460886311517,0
2023-03-15,35.47625279534902,0
2023-03-16,20.830892135685893,0
2023-03-17,32.87665876531328,0
2023-03-18,30.3046647388336,0
2023-03-19,28.953474273369462,0
2023-03-20,30.32116271787426,0
2023-03-21,23.043508798896877,0
2023-03-22,29.23114839256871,0
2023-03-23,31.249894000291114,0
2023-03-24,35.172629156595306,0
2023-03-25,28.186054236042235,0
2023-03-26,27.170272389873844,0
2023-03-27,28.24385034745412,0
2023-03-28,33.20390741195726,0
2023-03-29,31.150628883808896,0
2023-03-30,28.145839286815363,0
2023-03-31,31.796436015896745,0
2023-04-01,30.33977142271814,0
2023-04-02,33.390257466865116,0
2023-04-03,27.542814171429267,0
2023-04-04,28.853182486907812,0
2023-04-05,28.62762146403745,0
2023-04-06,24.877697681537583,0
2023-04-07,31.036420969726016,0
2023-04-08,30.913693452629612,0
2023-04-09,30.017897098248614,0
2023-04-10,29.178945033186984,0
2023-04-11,25.04620240282355,0
2023-04-12,28.527741370321245,0
2023-04-13,28.800499192156305,0
2023-04-14,27.192029557724332,0
2023-04-15,29.43550000916897,0
2023-04-16,31.414177998850885,0
2023-04-17,36.601650654236856,0
2023-04-18,30.611022344911436,0
2023-04-19,30.901426367529673,0
2023-04-20,29.739439294818414,0
2023-04-21,23.284300746453354,0
2023-04-22,29.907201435927742,0
2023-04-23,30.210805734793592,0
2023-04-24,38.6213473936985,0
2023-04-25,29.326736623266072,0
2023-04-26,31.055415698167643,0
2023-04-27,29.878508806031647,0
2023-04-28,25.90962686833164,0
2023-04-29,33.99987985080257,0
2023-04-30,32.63176561440371,0
2023-05-01,32.76861181465066,0
2023-05-02,26.817143908218412,0
2023-05-03,34.90978008827635,0
2023-05-04,25.093521280227016,0
2023-05-05,32.053999828300945,0
2023-05-06,37.666594690334925,0
2023-05-07,26.533122862042593,0
2023-05-08,28.017957946390297,0
2023-05-09,30.348779777806744,0
2023-05-10,28.237835210593303,0
2023-05-11,24.572677991268534,0
2023-05-12,30.239970411821094,0
2023-05-13,46.28193700195863,1
2023-05-14,51.657573507223134,1
2023-05-15,46.78201518018169,1
2023-05-16,55.42477041756139,1
2023-05-17,47.25861347682317,1
2023-05-18,48.87278469328014,1
2023-05-19,52.84731026079385,1
2023-05-20,45.691974892481156,1
2023-05-21,50.79610977111445,1
2023-05-22,54.5749996399885,1
2023-05-23,44.373808679035704,1
2023-05-24,50.646218504863064,1
2023-05-25,50.909589779869485,1
2023-05-26,52.736380051220586,1
2023-05-27,45.67067251192671,1
2023-05-28,45.37840185420503,1
2023-05-29,51.82679547965914,1
2023-05-30,51.03944635631615,1
2023-05-31,50.87672497621057,1
2023-06-01,51.212568733239415,1
2023-06-02,47.61991347447528,1
2023-06-03,50.81288794006351,1
2023-06-04,51.02575365654538,1
2023-06-05,47.49977003690771,1
2023-06-06,56.530210789006645,1
2023-06-07,51.658415223191255,1
2023-06-08,45.83043775979073,1
2023-06-09,52.29793763021841,1
2023-06-10,46.58861415420437,1
2023-06-11,52.754796113098585,1
2023-06-12,54.05508452652592,1
2023-06-13,47.127611885769014,1
2023-06-14,53.37181645235513,1
2023-06-15,51.44473324427774,1
2023-06-16,52.87721055998072,1
2023-06-17,56.638775439288814,1
2023-06-18,49.14114159398995,1
2023-06-19,47.36192342474879,1
2023-06-20,46.88669949631067,1
2023-06-21,47.144664002620964,1
2023-06-22,49.730144017050634,1
2023-06-23,51.194031911858254,1
2023-06-24,50.968417797655064,1
2023-06-25,52.89514137162608,1
2023-06-26,50.04550662157268,1
2023-06-27,55.08736927005061,1
2023-06-28,49.07370108366715,1
2023-06-29,59.52059208306367,1
2023-06-30,52.18983571717752,1
2023-07-01,46.99994855254301,1
2023-07-02,46.251876256786105,1
2023-07-03,51.68865345335115,1
2023-07-04,49.217880251359524,1
2023-07-05,52.49900172932232,1
2023-07-06,51.656331686007405,1
2023-07-07,49.74509880570095,1
2023-07-08,47.03622198676058,1
2023-07-09,44.698034713599476,1
2023-07-10,48.437197667765425,1
2023-07-11,52.99739578013215,1
2023-07-12,50.749328104455714,1
2023-07-13,45.639914274508044,1
2023-07-14,50.60613324047914,1
2023-07-15,51.348610829050926,1
2023-07-16,46.90649897329603,1
2023-07-17,50.53803787080935,1
2023-07-18,50.203730514561,1
2023-07-19,45.99960395759282,1
2023-07-20,51.25225576121899,1
2023-07-21,51.96274584228882,1
2023-07-22,53.79067935111347,1
2023-07-23,53.68830718212216,1
2023-07-24,45.17815721215018,1
2023-07-25,46.71761236029707,1
2023-07-26,51.80262343523031,1
2023-07-27,51.79825082819273,1
2023-07-28,51.80266690207117,1
2023-07-29,63.48456021729152,1
2023-07-30,51.998116787426085,1
2023-07-31,53.9744797406321,1
2023-08-01,53.339006172226206,1
2023-08-02,52.27986937957029,1
2023-08-03,48.89655764375879,1
2023-08-04,52.65639227172643,1
2023-08-05,47.2951117491185,1
2023-08-06,49.171134876409965,1
2023-08-07,48.30122758259814,1
2023-08-08,50.28655948785213,1
2023-08-09,58.10130498335728,1
2023-08-10,43.46457182592888,1
2023-08-11,52.4019106663108,1
2023-08-12,44.35549445083622,1
2023-08-13,48.348238469736984,1
2023-08-14,53.811327089385784,1
2023-08-15,50.22498006683412,1
2023-08-16,46.22789327724743,1
2023-08-17,47.49643701759011,1
2023-08-18,52.37859212127137,1
2023-08-19,47.443716788990024,1
2023-08-20,50.757605063536914,1
2023-08-21,50.15950143966335,1
2023-08-22,47.71939878337964,1
2023-08-23,57.50380431263864,1
2023-08-24,52.21871657811304,1
2023-08-25,42.91200094669838,1
2023-08-26,50.652590101692994,1
2023-08-27,47.683747373310645,1
2023-08-28,52.98351667178678,1
2023-08-29,47.226177415485544,1
2023-08-30,49.598422454865855,1
2023-08-31,51.7674554764316,1
2023-09-01,53.03014317959543,1
2023-09-02,45.798962575304785,1
2023-09-03,48.82924567455668,1
2023-09-04,48.33769141093666,1
2023-09-05,47.713347685992005,1
2023-09-06,56.17908984098384,1
2023-09-07,51.417435988363344,1
2023-09-08,45.58690615982734,1
2023-09-09,53.21251681469172,1
2023-09-10,57.427546689544215,1
2023-09-11,53.613628411929014,1
2023-09-12,44.682205119160955,1
2023-09-13,48.30518074496812,1
2023-09-14,54.43418902215318,1
2023-09-15,47.52315687033427,1
2023-09-16,51.5533679985118,1
2023-09-17,52.711219187002676,1
2023-09-18,46.75574334947671,1
2023-09-19,49.7916612537837,1
2023-09-20,38.65556430975825,1
2023-09-21,46.414643255329985,1
2023-09-22,69.11601147012394,2
2023-09-23,65.63275886312303,2
2023-09-24,75.71343956376073,2
2023-09-25,64.99450517713778,2
2023-09-26,68.45984429656056,2
2023-09-27,70.45759202050132,2
2023-09-28,75.04445651173141,2
2023-09-29,64.97448247087196,2
2023-09-30,74.07107313254235,2
2023-10-01,70.03581571356855,2
2023-10-02,66.56471972133217,2
2023-10-03,71.61736215992144,2
2023-10-04,70.69670893450714,2
2023-10-05,67.89924092994421,2
2023-10-06,70.24430729746507,2
2023-10-07,68.65140241098383,2
2023-10-08,70.39731070837936,2
2023-10-09,72.31745736082367,2
2023-10-10,75.55105885650873,2
2023-10-11,65.66764575410603,2
2023-10-12,77.46561681129694,2
2023-10-13,63.16769270167124,2
2023-10-14,69.46875216737546,2
2023-10-15,72.05911022269602,2
2023-10-16,70.98347153707262,2
2023-10-17,67.82055168062791,2
2023-10-18,69.27157212374954,2
2023-10-19,68.27449672869409,2
2023-10-20,67.93722335069526,2
2023-10-21,72.97360733957359,2
2023-10-22,71.24955420087767,2
2023-10-23,67.57481641658771,2
2023-10-24,73.14859956401638,2
2023-10-25,71.07554832306813,2
2023-10-26,72.84501741593635,2
2023-10-27,72.20370094673264,2
2023-10-28,67.09851746177274,2
2023-10-29,68.0393663593106,2
2023-10-30,72.61552761793142,2
2023-10-31,72.13629592901712,2
2023-11-01,69.92684442112548,2
2023-11-02,70.41064584158073,2
2023-11-03,74.47182713525949,2
2023-11-04,67.92950013907459,2
2023-11-05,71.91484083409513,2
2023-11-06,69.29232571648137,2
2023-11-07,69.23811578870473,2
2023-11-08,73.84571898195517,2
2023-11-09,72.8889572214581,2
2023-11-10,72.84728372600223,2
2023-11-11,74.56917582504015,2
2023-11-12,70.07351344571465,2
2023-11-13,72.38683539953237,2
2023-11-14,68.9140663519229,2
2023-11-15,71.13458223370955,2
2023-11-16,69.5444993097131,2
2023-11-17,70.33948587747452,2
2023-11-18,72.0830495890292,2
2023-11-19,67.13622760868284,2
2023-11-20,77.32335546489911,2
2023-11-21,66.47893916475104,2
2023-11-22,65.75033985524294,2
2023-11-23,74.05338805725023,2
2023-11-24,72.77081942887027,2
2023-11-25,72.18441935968254,2
2023-11-26,72.19920928242497,2
2023-11-27,69.9571362950358,2
2023-11-28,66.85960969979959,2
2023-11-29,70.26531595367804,2
2023-11-30,67.62993400970761,2
2023-12-01,73.41291906696213,2
2023-12-02,69.48529916474251,2
2023-12-03,67.11075981122622,2
2023-12-04,68.87514955421452,2
2023-12-05,71.44526008996469,2
2023-12-06,68.02696406518609,2
2023-12-07,67.12222861551749,2
2023-12-08,70.85290524022169,2
2023-12-09,70.85738299888052,2
2023-12-10,68.22569888620104,2
2023-12-11,68.35136593033587,2
2023-12-12,70.81217478075173,2
2023-12-13,64.93170480475936,2
2023-12-14,65.07387678968206,2
2023-12-15,67.48544522561647,2
2023-12-16,69.25293496900854,2
2023-12-17,71.08817647959302,2
2023-12-18,75.16374675932343,2
2023-12-19,73.00180868120707,2
2023-12-20,69.44021514512801,2
2023-12-21,69.93344327234058,2
2023-12-22,66.49114722376767,2
2023-12-23,69.93520402402663,2
2023-12-24,68.98969476377951,2
2023-12-25,71.12951496118332,2
2023-12-26,67.10469169756686,2
2023-12-27,71.8177127998441,2
2023-12-28,75.36458619550902,2
2023-12-29,69.619339480401,2
2023-12-30,71.40599102734629,2
2023-12-31,72.4155039709889,2
2024-01-01,68.59572834839958,2
2024-01-02,70.78432368633646,2
2024-01-03,70.04407340273629,2
2024-01-04,70.34186634492092,2
2024-01-05,67.29446575650587,2
2024-01-06,70.0857856099063,2
2024-01-07,71.74299401935907,2
2024-01-08,75.07900262728265,2
2024-01-09,73.35744789129822,2
2024-01-10,77.53613860129045,2
2024-01-11,67.31428352989182,2
2024-01-12,73.05312222852237,2
2024-01-13,70.64169702008424,2
2024-01-14,77.66431026626185,2
2024-01-15,67.17095600125697,2
2024-01-16,67.06097355236729,2
2024-01-17,67.90212574094592,2
2024-01-18,62.56636496491568,2
2024-01-19,68.15985742411733,2
2024-01-20,67.34303568456205,2
2024-01-21,70.52637825266673,2
2024-01-22,71.19614591522006,2
2024-01-23,76.56659793725561,2
2024-01-24,73.32648343365118,2
2024-01-25,67.98083720518159,2
2024-01-26,66.85554865028075,2
2024-01-27,71.72171710027277,2
2024-01-28,65.37918377542775,2
2024-01-29,76.41010568049023,2
2024-01-30,74.1280404225245,2
2024-01-31,68.35788521763354,2
2024-02-01,64.00402914818193,2
2024-02-02,74.73855330957895,2
2024-02-03,69.59911054161584,2
2024-02-04,74.33235709190711,2
